file,filesuffix,model_grid,particle,model_interaction,model_atmosphere,energy,theta,number,filename,filepath,disk,filesize,rand1,rand2,rand3,heighp,par1,phip,par5
/DATA8/DataBase/Sb/atm08/0014/10PeV/05/CLOUT4w_Sb_atm08_0014_10PeV_05_001.gz,Sb_atm08_0014_10PeV_05_001,ssf,14,10PeV,05,10,5,1,CLOUT4w_Sb_atm08_0014_10PeV_05_001.gz,Sb/atm08/0014/10PeV/05,DATA8,850110644,54,95,106,3713712.4093093458,10657889.681356275,3.0563899712513014,10728
/DATA8/DataBase/Sb/atm08/0402/10PeV/20/CLOUT4w_Sb_atm08_0402_10PeV_20_051.gz,Sb_atm08_0402_10PeV_20_051,ssf,402,10PeV,20,10,20,51,CLOUT4w_Sb_atm08_0402_10PeV_20_051.gz,Sb/atm08/0402/10PeV/20,DATA8,655826375,104,145,156,1831914.6816331751,2662637.3082785974,2.26428493810804,10728
/DATA8/DataBase/Sb/atm08/1407/10PeV/10/CLOUT4w_Sb_atm08_1407_10PeV_10_090.gz,Sb_atm08_1407_10PeV_10_090,ssf,1407,10PeV,10,10,10,90,CLOUT4w_Sb_atm08_1407_10PeV_10_090.gz,Sb/atm08/1407/10PeV/10,DATA8,812800605,143,184,195,2624171.4396921885,760753.5166510278,1.1357451805608347,10728
/DATA8/DataBase/Sb/atm08/5626/10PeV/15/CLOUT4w_Sb_atm08_5626_10PeV_15_000.gz,Sb_atm08_5626_10PeV_15_000,ssf,5626,10PeV,15,10,15,0,CLOUT4w_Sb_atm08_5626_10PeV_15_000.gz,Sb/atm08/5626/10PeV/15,DATA8,737460830,53,94,105,3035297.2054881463,190179.02325487605,4.888200906456456,10728
